Location,"Reference No",Position
"A90 - Cramond Bridge to Dalmeny",17407844,"By bus shelter on A90 westbound, west of Riverside Road."
"A90 Cycle track",17407218,"about 200m north of junction of Cramond Brig Toll and A90, between streetlights CXW06 and CXW07"
Abbeyhill,13281424,"At access gate to Croft-An-Righ Sheltered Housing opposite ex railway station building."
Abbeyhill,17403739,"At Spring Gardens against stone wall of railway at foot of Abbey Lane under hospital sign and billboard."
"Abbeyhill Crescent",17403742,"At south side of communal bucket, just down from number 30, at back of footway."
"Abbotsford Park",13394904,"Against stone wall at side of gate to house 19 near lighting column."
"Abercorn Crescent",17442672,"At Abercorn Avenue by lighting column AAP09."
"Abercorn Drive",10994015,"Outside house 16."
"Abercorn Road",10863206,"At top of hill at foot of lighting column beside house 19."
"Addiston Crescent",17403748,"Opposite 2."
"Addiston Park",17406807,"beside no 2, by junction of Addiston park and Addiston Crescent"
"Admiral Terrace",10825085,"Opposite house 7 at end of parking bay."
"Alan Breck Gardens",12825983,"in front of no 13"
"Albion Terrace",12251512,"On footway at entrance to footbridge over railway."
"Alcorn Square",17407825,"Opposite 64."
"Aldermoor Avenue",17403751,"At 1."
"Allan Park",17407640,"At 64."
"Allan Park",17407634,"At 28."
"Allan Park",17407637,"At 57."
"Allan Park",17407631,"At 3."
"Allan Park Crescent",11254806,"Outside 1."
"Allan Park Drive",17403754,"At 74, beside lighting column ACS14."
"Allan Park Road",11254593,"At Allan Park Crescent."
"Allan Park Road",11254299,"On centre island at Slateford Road."
Allanfield,17403760,"At lighting column ACP02."
Allanfield,17403757,"At gable end of number 16, adjacent to lighting column ACP23."
"Almond Green",17403763,"Opposite 49."
"Almond Green",12834944,"At lighting column ADJ25 at end of footway."
"Almond Grove",13167191,"On edge of paved area beside posts between houses 12 and 21."
"Almond Square",12835460,"At lighting column with pillar box on it in front of house 27."
"Almondhill Road",9591463,"At lighting column opposite end of Dundas Place."
"Almondhill Road",9591433,"At lighting column opposite 20 and beside end of small f/path."
"Almondhill Road",9591502,"At lighting column opposite end of Dudgeon Place."
"Alnwickhill Court",17403766,"At lighting column ADL02."
"Alnwickhill Crescent",17407607,"At 19."
"Alnwickhill Drive",17403769,"At 55."
"Alnwickhill Gardens",17407604,"Opposite 1."
"Alnwickhill Gardens",17407601,"At 14."
"Alnwickhill Park",12798368,"At house 18."
"Alnwickhill Road",12758785,"Against wall at side of number 54 Liberton Brae and opposite pillar box."
"Alnwickhill Road",11004323,"At Liberton Drive."
"Alnwickhill Terrace",17403775,"At 25."
"Alnwickhill View",12797570,"At foot of lighting column against brick wall at side of house 17."
"Ann Street",11084792,"At junction with Upper Dean Terr in corner of wall against railings and near door into the Dean gardens."
"Ann Street",11085107,"Against stone wall under street nameplate to right of house 3."
"Annandale Street",12856559,"At bus depot, against wall on inside of entrance and exit. 2 bins."
Annfield,17403778,"At gable end of 2 and 4 New Lane"
"Appin Street",17403784,"As side of electricity sub station at end of street."
"Appin Street",17403781,"Near lighting column ADF03."
"Appin Terrace",17442558,"Opposite 6 at car park area."
"Ardmillan Place",17403787,"Outside Bowling Club."
"Ardmillan Terrace",17403790,"At Breast Screening Clinic."
"Argyle Crescent",17403793,"Outside house 22, at St.Mary's Place."
"Arrol Place",17403796,"At 7, at Dundas Avenue."
"Ashburnham Gardens",17403802,"At lighting column 53HE."
"Ashburnham Gardens",17403799,"At 25."
"Ashburnham Gardens",13163489,"At 14, at end of footway at turning head."
"Ashburnham Loan",17407853,"At turning circle of cul-de-sac by path entrance to Bridleway cycle track. Btw 23 and 24."
"Ashburnham Loan",17407850,"Opp 36, by lighting AHZ22."
"Ashburnham Loan",17407847,"At 5."
"Ashley Drive",11191085,"Outside 53/55."
"Ashley Terrace",17407033,"At Ogilvie Terrace."
Auchingane,12119815,"At lighting column AGS21."
Auchingane,12119767,"At lighting column AGS14."
Auchingane,12120271,"At lighting column AGS4, outside house 9."
Auchingane,12119689,"At lighting column AGS1."
Auldgate,9588604,"At lighting column 39."
Avenel,17406577,"Off Whitehouse Road."
"Avon Grove",13248721,"At lighting column beside side of house 2."
"Avon Place",17406931,"between no 9 and no 11 Avon Place"
"Avon Road",13249162,"At lighting column in front of house 34."
"Avon Road",13248973,"At lighting column at side of house 20 against the wooden fence."
"Avon Road",12118027,"At lighting column in front of house 12."
"Baberton Mains Bank",17407649,"At 3."
"Baberton Mains Bank",17403811,"At Baberton Mains Wynd."
"Baberton Mains Bank",17403808,"Outside 16."
"Baberton Mains Bank",11240559,"At 15."
"Baberton Mains Court",17403814,"At house 3."
"Baberton Mains Crescent",11240832,"On footpath to Baberton Mains Drive at side of Scottish Power sub-station opposite house 51."
"Baberton Mains Dell",11243040,"Against armco guardrail at end of cul-de-sac in front of house 46."
"Baberton Mains Drive",17407354,"At 30."
"Baberton Mains Drive",17407351,"At 20."
"Baberton Mains Drive",11243403,"at end of cul de sac, between nos 116 and 118"
"Baberton Mains Drive",12061030,"Between 93 and 95."
"Baberton Mains Drive",12061069,"At lighting column at side of house 136 Baberton Mains Gardens."
"Baberton Mains Drive",11240640,"Against wooden fence on footpath to Baberton Mains Bank at side of house 250."
"Baberton Mains Drive",11243901,"Against fence at bottom of cul-de-sac in front of house 42."
"Baberton Mains Gardens",11243238,"At lighting column in front of house 13."
"Baberton Mains Green",12061564,"At lighting column in front of house 34."
"Baberton Mains Grove",17403805,"At Baberton Mains Drive."
"Baberton Mains Grove",11243454,"Outside 6."
"Baberton Mains Hill",11242203,"At lighting column at side of house 154 Baberton Mains Drive."
"Baberton Mains Hill",11242275,"At lighting column opposite house 23."
"Baberton Mains Hill",11242389,"At lighting column at bottom of hill at junction with Baberton Mains Way."
"Baberton Mains Loan",12060442,"On corner, at top of pathway."
"Baberton Mains Park",17403817,"At lighting column BAT09."
"Baberton Mains Place",11243745,"in front of no 24"
"Baberton Mains Rise",17406810,"beside no 51, at end of cul de sac"
"Baberton Mains Rise",11241825,"At end of cul-de-sac."
"Baberton Mains Row",12061810,"Opposite house 23, at entrance at corner of sub station."
"Baberton Mains Row",12061726,"At lighting column at side of house 8 Baberton Mains Avenue."
"Baberton Mains Terrace",11243565,"At lighting column half way down hill and near end of footpath to Wester Hailes."
"Baberton Mains View",11244102,"between A720 bypass and Clovenstone Roundabout"
"Baberton Mains View",11243991,"At lighting column BBA08 which is at side of house 6 Baberton Mains Drive."
"Baberton Mains Way",11241942,"Outside 33."
"Baberton Mains Way",11241492,"At side of 69."
"Baberton Mains Wood",11241318,"On footway in recess opposite house 18."
"Baberton Mains Wynd",17442633,"At 54, bottom at cul-de-sac."
"Baberton Mains Wynd",11240361,"Against wooden fence beside footpath at school entrance and beside house 18."
Backlee,12796304,"Opp 4."
"Bailie Place",17524505,"At junction with Magdalene Avenue beside grass area"
"Baird Road - Ratho",11507102,"Between 5 and 7."
"Baird Road - Ratho",11507297,"Against stone wall at foot of lighting column on opposite side of road to the War Memorial Church."
"Balbirnie Place",17403827,"At entry to cycle path."
"Balcarres Court",17403830,"Half-way up hill at lighting column."
"Balcarres Court",17403833,"Against wall behind lighting column at junction with Balcarres St."
"Balcarres Street",17524599,"On bus boarder build-out opposite No 6"
"Balcarres Street",12312739,"At Bruce Street."
"Balderston Gardens North",17403836,"At Ashton Grove."
"Balfour Street",17403839,"At Springfield."
"Balgreen Park",13133645,"At Balgreen Gardens / Balgreen Avenue."
"Balgreen Road",8998647,"by Gas Govenor between 169 and railway"
"Balmwell Terrace",17403842,"Opposite 30 by lighting BDD29."
"Balmwell Terrace",8730856,"Outside 29 (Balmwell House) by lighting column BDD22."
"Bangholm Loan",17403845,"At public footway at entrance to Bangholm Medical Centre carpark."
"Bankhead Drive",17403851,"Outside Audi Garage."
"Bankhead Grove, Dalmeny",17403854,"At 2."
"Bankhead Grove, Dalmeny",13163114,"At lighting column 72HE, against grey brick wall at top of hill beside garden gate."
"Bankhead Grove, Dalmeny",13163153,"Between houses 11 & 12."
"Bankhead Road",9589957,"At Dalmeny Village at side of stone bus shelter in front of Community Hall (near war memorial)."
"Bankhead Terrace",17403857,"At Bankhead Avenue."
"Barn Park",17407362,"Opposite 21."
"Barn Park",17407359,"At 30."
"Barn Park Crescent",17403860,"At 117."
"Barnton Avenue",11069585,"in front of 34b, facing Easter Park lodge"
"Barnton Brae",13251145,"Beside lighting column BFC01 near junction with Barnton Ave West."
"Barnton Loan",17407745,"At 3."
"Barnton Park Avenue",10782209,"At lighting column at side of house 74."
"Barnton Park Drive",10782569,"At lighting column at end of footway through woods - near junction with Queensferry Road."
"Barnton Park Drive",10782698,"At lighting column in front of house 24 at junction with Barnton Park View."
"Barnton Park View",9712777,"At end of f/way at entrance to flats, near lighting column BFU2.."
"Barnton Park Wood",10783430,"Against wooden fence opposite lighting column in front of house 4."
"Barntongate Avenue",12782933,"in front of no 20"
"Barntongate Avenue",17403866,"At 52."
"Barntongate Drive",17403869,"At lighting column BFG18."
"Barntongate Drive",12784295,"At garages beside 36."
"Barntongate Drive",12784193,"At 13."
"Barntongate Terrace",13095168,"At 20."
"Barony Terrace",12074677,"On f/way between house 1 and junction with Forrester Road."
"Bavelaw Gardens",11067041,"in front of no 3"
"Bavelaw Gardens",17403875,"Against grey brick wall at end of f/path to sheltered housing at end of cul-de-sac."
"Bavelaw Road",10812599,"On right hand side of entrance to car park at top of Main Street"
"Bavelaw Road",11067386,"Off Bavelaw Rd in area signed ""Free P"" against side wall of community centre on block paving beyond concrete bollards and under sign ""Lady Croft""."
"Belford Gardens",17403878,"At 10, near Queensferry Terrace."
"Belford Road",17406944,"beside no 32"
"Belford Road",17403881,"At Lynedoch Place, lighting column BJA02."
"Belford Road",11052032,"Against wall in corner end of railings opposite 12 Belford Terrace."
"Belgrave Gardens",12069208,"At lighting column at side of house 35 Gordon Road."
"Belgrave Gardens",11102429,"At lighting column at side of house 36 Belgrave Road."
"Belgrave Road",11102270,"in front of no 1"
"Belhaven Place",17403887,"Outside number 1."
"Bell Place",9019821,"At lighting column in front of house 1 at junction with Glenogle Rd."
"Bell's Brae",17406941,"beside no 6"
"Bell's Brae",11238276,"At foot of street, in recess about 20 metres up from lighting column BKJ03."
"Bellenden Gardens",17403884,"Opposite 14."
"Bellfield Lane",17403890,"Opposite 10."
"Belmont Crescent",13096641,"At lighting column at junction with Belmont Terrace on opposite side of road to 6 Belmont Crescent."
"Belmont Gardens",13096566,"At lighting column in front of house 31."
"Belmont Gardens",13096500,"At lighting column in front of house 30."
"Belmont Gardens",17403896,"Against stone wall in front of house 15."
"Belmont Road",17403899,"At Juniper Grove."
"Belmont Terrace",13096794,"At 12."
"Biggar Road",17403905,"Cul-de-sac just south of by-pass, opposite houses 70 & 72."
"Biggar Road",12183703,"Cul-de-sac just south of by-pass, outside house 82."
"Biggar Road",17403902,"At Fairmilehead junction in front of shops (newsagent) and beside traffic light control box."
"Bingham Crescent",10987559,"by no 33"
"Blackchapel Close",17403911,"Opposite house 68."
"Blackchapel Close",17403908,"Opposite house 5."
"Blackford Avenue",17403917,"At Grange Loan."
"Blackford Avenue",12740626,"On footway outside house 39."
"Blackford Avenue",12760594,"At lighting column on triangular island on north side of junction with Charterhall Rd."
"Blackford Bank",12132916,"to side of no 2"
"Blackford Bank",12132964,"Opposite 17."
"Blackford Hill Grove",12761629,"At lighting column at 27."
"Blackford Hill Grove",12761959,"At lighting column at top of footpath and steps between 10 and 12."
"Blackford Hill Grove",12762073,"At lighting column at top of footpath and steps between 16 and 18."
"Blackford Hill Grove",12762178,"At lighting column at top of footpath and steps between 4 and 6."
"Blackford Hill Rise",12761755,"At Post Office collection box, side of 1 Blackford Hill Grove."
"Blackford Hill View",12761884,"At lighting column at top of footpath and steps between 10 and 12."
"Blackford Hill View",12761803,"At lighting column BMM01 at house 1."
"Blackie Road",17407799,"Near Claremont Road by lighting column BMS08."
"Blackthorn Court",17403921,"Outside number 12, near litter bin."
Blandfield,17406583,"Opposite 127."
Bleachfield,17406586,"Outside house 44."
"Blinkbonny Crescent",10980521,"Opposite house 21."
"Blinkbonny Grove",17403924,"At lighting column in front of house 10 in cul-de-sac."
"Blinkbonny Grove West",12064078,"Against metal fence at top of cul-de-sac near house 6 and footway to Queensferry Road."
"Blinkbonny Road - Currie",17403927,"At Braeburn Drive."
"Blinkbonny Road - Currie",17406592,"Located approximately half-way up road."
"Blinkbonny Road - Currie",17406589,"At top end of road."
"Blinkbonny Village",17406595,"Beside letter box in front of house 17."
"Boat Green",17403930,"Outside block 1, off Warriston Road."
"Bonaly Brae",13216843,"At foot of lighting column at junction with Bonaly Grove."
"Bonaly Drive",12276640,"in front of no 9"
"Bonaly Grove",12275977,"Opposite 6."
"Bonaly Rise",17403933,"At corner of 143."
"Bonaly Rise",13216372,"Against wall on corner opp lighting column and houses 49 and 51."
"Bonaly Rise",12276142,"On wide footway at side of 94 Bonaly Grove."
"Bonaly Road",17407365,"At 63."
"Bonaly Road",12275917,"by no 67."
"Bonaly Road",17403936,"At Torduff Road."
"Bonaly Steading",17442470,"At 5."
"Bonaly Wester",17407368,"At 69."
"Bonaly Wester",17403942,"At lighting column BPL3, outside 3z."
"Bonaly Wester",17403939,"At gable end of 23."
"Bonnington Avenue",17403948,"At 5."
"Bonnington Road Lane",17407018,"beside entrance to no 14, near streetlight BPK04"
"Bonnington Road, Wilkieston",231,"(2 bins)."
"Bothwell Street",12251542,"Against metal railings at far end of street beside bridge over railway."
"Bowmont Place",17403951,"At lighting column BGW3."
"Brae Park Road",13250551,"at junction of Brae Park Road and Craufurdland, by streetlight CRF01"
"Braehead Avenue",17407865,"At 48 Braehead Road."
"Braehead Avenue",9711166,"At houses 16 to 18."
"Braehead Crescent",9712510,"Opp 16 and lighting BRY07."
"Braehead Crescent",9712414,"At lighting column 2 in cul-de-sac."
"Braehead Drive",9711790,"Outside 7, by lighting BSC12."
"Braehead Drive",9712012,"At lighting column opposite end of Braehead Avenue."
"Braehead Grove",9711502,"At lighting column in front of house 2 Braehead Loan."
"Braehead Park",9711577,"At side of driveway to No 8"
"Braehead Road",17407822,"At 51."
"Braepark Road",17403954,"Near lighting column BSK4 on verge behind kerb."
"Braid Avenue",17403963,"At Cluny Drive."
"Braid Avenue",17403960,"At Hermitage Drive."
"Braid Avenue",17403957,"At Corrennie Drive."
"Braid Crescent",17403966,"Opposite house 30 at top of steps."
"Braid Hills Approach",12132085,"in front of no 7"
"Braid Hills Approach",17403970,"Outside house 4."
"Braid Hills Avenue",12764914,"between nos 1 and 2"
"Braid Hills Road",17403976,"At lighting column at house 6."
"Braid Hills Road",17403973,"At Pentland Terrace."
"Braid Mount",12131926,"At lighting column at house 10."
"Braid Mount Crest",12132538,"Against wall at top of cul-de-sac."
"Braid Mount Rise",12132487,"Against wall in corner behind lighting column at top of  cul-de-sac."
"Braid Mount View",12132583,"At lighting column at house 2."
"Braid Road",12132778,"in front of no 214a"
"Braid Road",17403982,"At Comiston Terrace."
"Braid Road",17403979,"At Cluny Drive at church centre."
"Bramble Drive",17403985,"On corner at lighting column BTD09."
"Bramble Drive",12783860,"At lighting column BTD07."
"Bramdean Rise",17403988,"At Bramdean Grove."
"Brand Drive",17407814,"At corner near 12."
"Brandfield Street",17407227,"At 2."
"Brandon Street",17442530,"Opposite 12."
"Bridge Road",10811693,"Outside Police Station, by lighting 14KM."
"Bridge Road, Colinton",8874246,"Against railings beside telephone kiosk at Spylaw Street."
"Bridge Street, Newbridge",17403991,"East end of village, just before little pathway leading to Edinburgh Road."
"Briery Bauks",12129040,"Opposite 1."
"Brighouse Park Court",17403994,"Outside house 3."
"Broomhall Avenue",11226714,"Opposite house 6."
"Broomhall Drive",17524654,"Outside No 10"
"Broomhall Drive",11089547,"in front of no 57, at junction with Broomhall Road"
"Broomhall Drive",9770123,"Hard-standing at bus shelter. Outside 36."
"Broomhall Road",17403997,"On edge of kerb in lay-by in front of shops and beside litter bin (opp end of Broomhall Pl)."
"Broomhouse Avenue",9003021,"At lighting column BVE2."
"Broomhouse Crescent",17404000,"At lay-by opposite Broomhouse Centre opposite junction with Broomhouse Medway."
"Broomhouse Drive",17407685,"At 20."
"Broomhouse Place North",17407371,"In lay-by at shops."
"Broomhouse Road",10907774,"At lighting column on west side opposite house 257 at junction with Bankhead Drive."
"Broomhouse Road",17404003,"At junction with Calder Rd service road against wall in corner at top of access ramp to subway opposite 370 Calder Road."
Broomyknowe,12051013,"in front of no 16"
"Brown street",12128929,"facing Kirk O'Field Parish church"
"Brown Street",17407242,"Adjacent to lighting column BXC09."
"Brunstane Crescent",17404006,"Opposite 31."
"Brunstane Road North",11158637,"in front of St Philip's Parish Church"
"Brunton Place",17404009,"At 9, at side steps to surgery."
"Bruntsfield Crescent",17442536,"Near steps opposite 12."
"Bryce Crescent",17406817,"in front of no 50 by junction of Bryce Crescent and Easter Currie Terrace"
"Bryce Crescent",17404015,"At 6."
"Bryce Crescent",17404018,"Between 6 and 15."
"Bryson Road",17404024,"At Tay Street."
"Bryson Road",17404021,"At opening opposite 33."
"Buckingham Terrace",17404027,"Against wall at top of railings on garden side and opposite house 40."
"Buckstane Park",12132727,"On footway outside house 3."
"Buckstone Avenue",17404030,"At 5."
"Buckstone Circle",12104848,"Opposite Buckstone Crook."
"Buckstone Circle",12104782,"Opposite Buckstone Shaw."
"Buckstone Crescent",17406992,"in front of 18b"
"Buckstone Crescent",17404033,"At Buckstone Road."
"Buckstone Crescent",12105946,"Outside 15 at lighting column BYZ05."
"Buckstone Crescent",12105718,"At lighting column in front of house 83."
"Buckstone Crescent",12130336,"At lighting column along path between houses 70 & 72."
"Buckstone Crescent",12105742,"At lighting column in front of house 69 at opposite  end of Buckstone Row."
"Buckstone Crescent",12105808,"On footpath in front of house 57 and at foot of Buckstone Hill."
"Buckstone Crook",12104947,"In parking lay by opposite side of 6."
"Buckstone Dell",17404036,"At 35."
"Buckstone Drive",17404042,"At Buckstone Grove."
"Buckstone Drive",17404039,"Outside 22 at lighting column BZC10."
"Buckstone Grove",17407682,"At cul-de-sac."
"Buckstone Hill",12106168,"At 29."
"Buckstone Hill",17404045,"Opposite 59."
"Buckstone Hill",12106195,"Outside number 16."
"Buckstone Howe",17442464,"At Buckstone Circle."
"Buckstone Lea",17404048,"At 15."
"Buckstone Lea",12105484,"Outside 36."
"Buckstone Loan",12304315,"At lighting column BLZ19, by side of 18 Buckstone Circle."
"Buckstone Loan East",17404051,"At entrance to primary school."
"Buckstone Loan East",12104509,"Against railings between houses 55 and 57 at opposite end of Buckstone Gate."
"Buckstone Neuk",12106333,"At side of numbers 1."
"Buckstone Place",17404054,"Outside house 15."
"Buckstone Rise",17442524,"Outside No 16 at side of L/P BZR03"
"Buckstone Road",17406999,"in front of no 93"
"Buckstone Road",17404060,"Opposite Buckstone Loan."
"Buckstone Road",12303670,"At lighting column east of 8, at entrance to cul-de-sac."
"Buckstone Road",12303892,"Outside 17."
"Buckstone Road",12305200,"Outside 96."
"Buckstone Road",17404063,"At 26."
"Buckstone Road",17404057,"At Buckstone Terrace."
"Buckstone Shaw",12105088,"At bushes opposite number 15."
"Buckstone Terrace",12347737,"opposite no 17"
"Buckstone Terrace, Comiston Rd",17406989,"in front of no 10"
"Buckstone View",12130600,"At lighting column in front of house 3 at top of cul-de-sac."
"Buckstone Wood",12304684,"Against concrete wall at lighting column BBZ3 near bottom of cul-de-sac."
"Buckstone Wood",17404066,"Outside 10."
"Bughtlin Drive",12836624,"At lighting column in front of house 17."
"Bughtlin Drive",12836543,"At 9."
"Bughtlin Drive",12836462,"At 1."
"Bughtlin Gardens",17407157,"opposite no 25 by streetlight BAZ01"
"Bughtlin Gardens",12836720,"On footpath at lighting column BAZ5 between houses 3 and 9."
"Bughtlin Loan",12839378,"At 8."
"Bughtlin Loan",12839282,"At entrance near street sign."
"Bughtlin Park",12839909,"At Maybury Drive."
"Bughtlin Park",12840137,"At lighting column opposite house 104 and at side of house 40."
"Bughtlin Park",12840263,"At lighting column beside house 81."
"Bughtlin Park",12840479,"In recess of brick wall beside house 18."
"Bughtlin Place",12839834,"At lighting column in front 9."
"Bughtlin Place",12839732,"At lighting column in front of house 18."
"Buie Brae, Kirkliston",17406981,"in fornt of no 16"
"Buie Brae, Kirkliston",17406978,"in front of no 41"
"Buie Brae, Kirkliston",17406975,"in front of no 44"
"Burdiehouse Road",12745693,"in front of no 26"
"Burdiehouse Road",17404076,"Opposite 10 Janefield."
"Burgess Road",17442482,"Outside 16, by lighting 77HJ. The Salt Bin was re-located at the suggestion of G.Sangster, Community Representative, South Queensferry."
"Burgess Road",17404079,"On corner opposite primary school."
"Burgess Terrace",11142176,"At lighting column at 3 (off Queens Crescent)."
Burnbrae,12834554,"At lighting column BHX03 on opposite side of road to house 1."
"Burnhead Path West",17404082,"Outside 6."
"Burnside Park",11212940,"in front of no 4"
"Burnside Park",11211866,"in front of no 2"
"Burnside Park",11212991,"Opposite house 25, in middle of lay-by."
"C157 Kirkliston to Burnshot",17407215,"at east entrance of tunnel from C157 under A90 to Riverside Rd. facing bus stop, near streetlight UWC01"
"Cairnmuir Road",11101286,"Opposite 32."
"Cairns Gardens",11209853,"At lighting column 44KT."
"Cairntows Close",17404085,"(Opposite Peffer Place) at lighting column CIS01."
Caiyside,12113209,"At lighting column CAS29, outside house 115."
Caiyside,12113284,"Opposite lighting column CAS23 & house 93."
Caiyside,12113422,"At lighting column CAS8, opposite house 33."
Caiyside,12113470,"At lighting column CAS3, outside house 13."
Caiyside,12186706,"Outside houses 163-165 (off Swanston Road)."
Caiyside,12113806,"On f/way opposite house 75."
"Caiystane Avenue",17404088,"At West Caiystane Road."
"Caiystane Gardens",17404091,"At 51."
"Caiystane Hill",12301705,"At Caiystane Crescent opposite 11."
"Caiystane Hill",17404098,"At house 24."
"Caiystane Hill",17404095,"Opposite house 17."
"Caiystane Hill",17406601,"At lighting column in front of house 11."
"Caiystane Hill",11278161,"At lighting column at bottom of cul-de-sac."
"Caiystane Terrace",10937297,"At lighting column in front of house 31."
"Calder Court",17407374,"In parking area at 2-4."
"Calder Drive",17406836,"facing no 16 Calder Grove, beside car park for nos 12 & 14 Calder Drive"
"Calder Gardens",17404107,"Outside house 47 at sheltered housing."
"Calder Gardens",10773800,"At house 12, outside old people's home."
"Calder Road",17442415,"At 181 at underpass."
"Calder Road",13369351,"by Calder Rd Bankhead Ave roundabout, in front of Renault Dealer, by streetlight CIG 118"
"Calder Road",10771841,"At lighting CIG13, outside 23 Service Road."
"Calder Road",10771148,"By bus shelter close to lighting CIG65, outside 283-291 Service Road."
"Calder Road",8715388,"in laybay near bus shelter, facing 32 Calder View"
"Calder Road",8991996,"On service road against wall at end of subway opposite house 26."
"Calder Road",17404113,"In service road against railings at top of west ramp to subway under Calder Road opposite house 312."
"Calder Road",10769831,"At Fire Station beside concrete post (as directed)."
"Calder Road",17404110,"On footway at end of railings in bus lay-by opposite the end of Sighthill View."
"Calder Road",10769987,"Against kerb at top of approach ramp to subway on west side of Sighthill Avenue and in front of 413/415 Calder Rd."
"Calder Road",10770995,"Against guard rail at top of approach ramp to subway in front of 197/199 Calder Rd (west side of Longstone Rd)."
"Calder Road",10769399,"Between top of wall of west ramp to subway and metal railings in bus terminus lay-by opposite access road to houses 20 and 28 Calder View."
"Calder Road",8715760,"Against railings at top of west approach to subway on west side of Wester Hailes Rd and near lighting column behind house 75 Calder Gdns."
"Calder Road (Service road)",17404116,"At 4, at Saughton Mains Street."
"Calton Hill",12865595,"Beside no. 14 at lighting column CBN04."
"Cambridge Avenue",13128653,"At Cambridge Gardens."
"Cambridge Avenue",13128779,"At Balfour Street."
"Cameron House Avenue",10985294,"At 18 at lane to Prestonfield Road."
"Cameron House Avenue",10985561,"On verge opp 19-29 at Prestonfield Road."
"Cameron March",208,
"Cameron Park",9017202,"At lighting column 9."
"Cameron Park",9017154,"At lighting column 6."
"Cameron Terrace",17404119,"Between 5 and 6."
"Cameron Toll Gardens",17442378,"At lighting column CCB02."
"Cameron Toll Gardens",17404122,"At 17 at lighting column CCB04."
"Cammo Brae",17442521,"At south end."
"Cammo Brae",17442518,"At north end."
"Campbell Park Crescent",13219288,"Outside house 20."
"Campbell Park Drive",3043,"At Campbell Park Crescent."
"Camus Avenue",17404131,"Opposite 79."
"Camus Avenue",17404128,"Outside house 95."
"Camus Avenue",17404125,"At house 61."
"Camus Avenue",11277486,"Outside Medical Centre."
"Camus Park",11277777,"Opposite house 8 at lighting column."
"Camus Place East",11213282,"At lighting column in front of house 1."
"Camus Place East",17404134,"Outside house 18 at lighting column CIZ06."
"Camus Road East",11277513,"Against wall at lighting column at side of house 9 Camus Ave."
"Camus Road West",10938467,"Outside house 14."
"Camus Road West",10938539,"At lighting column in front of house 2."
"Candlemaker Crescent",12372827,"Opposite number 16."
"Candlemaker Crescent",12372881,"Opposite number 2."
"Candlemaker Park",12372326,"Between 11 and 21."
"Candlemaker Park",12372974,"Outside number 86."
"Candlemaker Park",12372665,"Outside number 70."
"Candlemaker Park",12372467,"Opposite number 127."
"Candlemaker Park",12373172,"Opposite number 17."
"Canon Lane",17442394,"Between 2 and 3."
"Captain's Drive",17407622,"At lane at 67-69."
"Captain's Drive",12047455,"At 95, in cul-de-sac."
"Captain's Road",201,"At lane at 67."
"Carlowrie Avenue",13174868,"in front of no 33"
"Carlton Terrace Brae",17404137,"At top."
"Carmel Road",17404140,"At school."
"Carnbee Avenue",17407288,"in roundabout, junction of Carnbee Ave and Carnbee Dell"
"Carnbee Avenue",17407233,"At 25."
"Carnbee Avenue",17404146,"Near Ellen's Glen Nursing Home."
"Carnbee End",17406607,"Opposite lighting column CZT09."
"Carnbee Park",17404155,"Half-way down, near Carnbee Crescent."
"Carnbee Park",17404149,"On footway at lighting column CZF25."
"Carnbee Park",17404152,"At lighting column CZE08."
"Carnethy Avenue",17524593,"Opp No 25"
"Carnethy Avenue",17404158,"At Barnshot Road."
"Caroline Gardens",17404161,"Against brick wall in turning area opposite house 7."
"Caroline Terrace",17524673,"At junction with cul-de-sac at side of No 69"
"Caroline Terrace",13348345,"In cul-de-sac at side of no 47"
"Caroline Terrace",17404164,"Between 6-16."
"Caroline Terrace",13348513,"Opposite 82."
"Caroline Terrace",13348285,"At lighting column at side of house 29 in cul-de-sac."
"Carrick Knowe Avenue",17404167,"Against fence at end of path to bridge over railway beyond house 19."
"Castleview Drive",17404170,"At Castleview Grove."
"Cathcart Place",17407781,"At primary school entrance."
"Charterhall Grove",17406613,"At fence adjacent to gate for railway."
"Cherry Tree Gardens",17442418,"Between lighting columns 10KZ and 11KZ."
"Cherry Tree Loan",13104648,"in front of no 2"
"Cherry Tree Place",17404173,"At side of 19."
"Cherry Tree View",13104768,"In corner at lighting column 72 LA."
"Chessel's Court",17442400,
"Chesser Avenue",17407377,"At Chesser Loan."
"Chesser Avenue",10773497,"At Chesser Crescent."
"Chesser Avenue",12200945,"On pathway - Laichpark Loan, leading to Chesser Loan."
"Chesser Crescent",17406831,"beside no 94"
"Chesser Gardens",17404176,"Opposite 8."
"Chesser Loan",17558676,"Outside No 69"
"Chesser Loan",17442467,"Near 71."
"Chesser Loan",17407380,"Near cemetry."
"Chesser Loan",12200435,"at corner of no 97"
"Chesser Loan",17404182,"Opposite 87."
"Chesser Loan",17404179,"5 metres east of lighting column CGU12."
"Cheyne Street",12296437,"At house 4, at entrance to Edinburgh & Leith Old People's Welfare Council."
"Christian Crescent",17407805,"At cul-de-sac near 2."
"Christian Crescent",17407808,"At play area."
"Christian Grove",17407811,"At Hope Lane."
"Clackmae Grove",17407254,"by 1 Clackmae Grove"
"Clackmae Grove",12769285,"At 3."
"Clackmae Road",17407251,"At 47."
"Clackmae Road",17404185,"Outside house 4."
"Claremont Grove",12853895,"At side of 48 Claremont Bank."
"Clarendon Crescent",17404188,"Against stone wall of central island at end of Dean Bridge beside GPO joint box and disused sand bin."
"Clark Place",17442609,"Opposite 5."
"Clark Road",13257391,"Outside St.Serf's church hall entrance, opp 48."
"Clayhills Grove",12301174,"At lighting column 74KY."
"Clayhills Park",17404194,"At Johnsburn Road."
"Claylands Road",17406794,"by junction with side road to Claylands Cottage, near streetlight CYM01"
"Claylands Road",17404197,"Off roundabout at access road to Fire Brigade Operational Support Centre."
Cleikiminfield,12454333,"in front of no 26"
Cleikiminfield,12454294,"Opposite house 10."
Cleikiminrig,12454099,"facing no 41"
Cleikiminrig,12454051,"beside no 1"
"Clermiston Avenue",17404203,"At Clermiston Drive."
"Clermiston Crescent",17404212,"At Drum Brae Drive."
"Clermiston Crescent",17404209,"At Clermiston View."
"Clermiston Drive",17524633,"Outside No 19"
"Clermiston Gardens",17524627,"Opposite junction with Clermiston Medway"
"Clermiston Hill",17404218,"At Clermiston Crescent."
"Clermiston Hill",17404215,"At 53, at lighting column CKC10."
"Clermiston Road",10946216,"Opposite lighting column against wall at entrance to Clerwood."
"Clerwood Bank",10867268,"At lighting column CKM6."
"Clerwood Gardens",11100536,"in front of no 1"
"Clerwood Gardens",11100188,"behind no 2, at junction with Caroline Gardens and Clerwood Gardens"
"Clerwood Gardens",10866887,"At gable side of 18, near by lighting CKN07."
"Clerwood Loan",10867148,"Outside 21 at end of cul-de-sac."
"Clerwood Park",10866518,"At lighting column CKS23."
"Clerwood Park",10866410,"At lighting column CKS7."
"Clerwood Park",10866659,"At lighting column CKS34."
"Clerwood Park",17404221,"At lighting column CKS4."
"Clerwood Park",11099987,"At lighting column CKS42."
"Clerwood Park",11099858,"At lighting column CKS35."
"Clerwood Park",11099768,"At lighting column CKS18."
"Clerwood Park",11099663,"At telephone pole in lay-by, outside 17a."
"Clerwood Place",10866128,"At lighting column CKT1."
"Clerwood Row",10867010,"At lighting column CKU4."
"Clerwood Row",10866956,"At lighting column CKU1."
"Clerwood Terrace",10866053,"At lighting column CKV8."
"Clerwood Terrace",10865699,"On path uphill from lighting column CKV3."
"Clerwood Way",17404224,"Outside house 2."
"Cliftonhall Road",17406619,"On opposite side to lighting column 36 at top of incline."
"Clovenstone Drive",17524596,"Opposite No 19"
"Clovenstone Gardens",17407658,"At 17."
"Clovenstone Park",17407383,"In central parking area between 4-6."
"Clovenstone Park",17404236,"Opposite 58."
"Clovenstone Park",17404233,"Between 23E and 24A."
"Clovenstone Park",17404230,"Against wall at Clovenstone primary school opposite house 13."
"Clovenstone Park",17404227,"At lighting column with post box opposite house number 13 in lane."
Clufflat,17524609,"At junction with Society Road"
"Cluny Avenue",17502482,"On SW corner of junction with Braid Avenue"
"Cluny Place",12761500,"At side of 17."
"Cobden Crescent",11141879,"in front of no 1"
"Cockburn Crescent",11206166,"South of 'give way' sign at junction with Mansfield Road."
"Cockburn Crescent",11206163,"At 'give way' sign at junction with Mansfield Road."
Cockmylane,17405672,"Off Pentland Drive, by lighting column ODW02."
"Coillesdene Avenue",12077260,"in front of no 89"
"Coillesdene Avenue",12077005,"South side of f/w halfway btw Eastfield and Eastfield Gardens jtns."
"Coillesdene Drive",11261883,"Beside lighting column on sett area at junction with Joppa Road."
"Coillesdene Drive",11261967,"At Coillesdene Avenue."
"Coillesdene Grove",12077980,"in front of no 1"
"Coillesdene Loan",12732109,"beside no 13"
"Coillesdene Loan",17404239,"Opposite house 1."
"Colinton Grove",11255451,"in front of el sub station in front of no 33"
"Colinton Mains Crescent",17404242,"Outside 38 and 40."
"Colinton Mains Drive",17407386,"At 50."
"Colinton Mains Gardens",17404245,"Opposite 22."
"Colinton Mains Green",17404248,"Opposite 23."
"Colinton Mains Grove",12063202,"in front of no 95"
"Colinton Mains Loan",12057892,"in front of no 12"
"Colinton Mains Road",12062467,"Outside 155."
"Colinton Mains Road",17404251,"Near house 80 at lighting column CMF11."
"Colinton Road",17558658,"At entrance to Davidson House (No 266)"
"Colinton Road",17407392,"At Paties Road."
"Colinton Road",17407389,"At Craiglockhart Park."
"Colinton Road",17404299,"opposite no 296, by streetlight RCP01, and junction with Redford Road"
"Colinton Road",17404266,"At lighting column CMH23, near South Ettrick Road."
"Colinton Road",17404263,"Opposite 54, at Myreside View."
"Colinton Road",17404260,"At Abbotsford Park."
"Colinton Road",17404257,"At Polwarth Terrace."
"Colinton Road",11259624,"Outside house 80."
"Colinton Road",11255169,"Outside house 98."
"Colinton Road",11252286,"On footwway near house 193."
"Colinton Road",17404254,"At 296b, outside Colinton surgery."
"Colmestone Gate",17404269,"Outside house 1."
"Coltbridge Gardens",17404272,"At bend opposite bowling green (see plan)."
"Coltbridge Terrace",17406631,"Opposite St.Georges school."
"Comely Bank Avenue",12192928,"Against railings uphill and across entrance to house 95 and down hill from side door to 23 Dean Park Crescent."
"Comely Bank Place Mews",12111286,"Against side wall of 1 Comely Bank Row."
"Comiston Gardens",9032614,"At lighting column outside number 6."
"Comiston Springs Avenue",17406634,"At lighting column 1."
"Comiston Springs Avenue",10943960,"At lighting column in front of house 30 in cul-de-sac."
"Comiston View",17404275,"At Fox Springs Rise."
"Comiston View",12053374,"At lighting column between houses 7 & 13 opposite entrance to cul-de-sac.(Note: keep bin clear of hedge)."
"Connaught Place",12843041,"beside streetlight CNU11, facing el sub station, beside no 37"
"Connaught Place",12843092,"Outside 69."
"Considine Terrace",17404278,"At east end."
"Constitution Street",13354894,"Outside police station."
"Corbiehill Avenue",17442576,"Opposite 11."
"Corbiehill Grove",17404281,"At side of 26 Corbiehill Avenue, near boundary with 1 Corbiehill Grove."
"Corbiehill Road",9788717,"At lighting column in front of house 14."
"Corbiehill Terrace",11042057,"At lighting column in front of house 10 at end of cul-de-sac."
Corbieshot,12452923,"At side of 66 at end of footway."
Corbieshot,12452737,"At lighting column CPHI0 (off The Jewel)."
Corbiewynd,17404284,"Between 25 and 26."
"Cornwall Street",17407239,"at rear entrance to Saltire Court, opposite no 11 Corwall St"
"Corslet Crescent",9217503,"Near 1."
"Corslet Place",9218055,"Outside 'The Weavers'."
"Corstorphine Bank Drive",17524621,"On NE corner of junction with Hillview Terrace"
"Corstorphine Bank Drive",17404287,"At Caroline Terrace."
"Corstorphine Hill Avenue",17404290,"At Corstorphine Hill Road."
"Corstorphine Hill Crescent",17407071,"beside no 45"
"Corstorphine Hill Crescent",12068095,"At wall in corner at top of cul-de-sac to houses 31 to 37."
"Corstorphine Hill Crescent",12068143,"At lighting column in front of houses 17 and 19."
"Corstorphine Hill Road",17404293,"At Corstorphine Hill Avenue."
"Corstorphine Hill Road",12068248,"At lighting column at bottom of road beside house 9 Old Kirk Road."
"Corstorphine Road",17406937,"in front of no 90"
"Corstorphine Road",13342279,"On footway against stone wall at end of footpath to Traquair Park just west of Forestry Offices."
Cotlaws,17404296,"Outside 7."
"Cottage Park",17404305,"By junction of Craigcrook Road, at entrance, on west side footway at stone wall."
"Craigcrook Road",17406955,"at entrance of cul de sac leading to nos 43 to 49 Craigcrook Rd"
"Craigcrook Road",17404308,"Outside Blackhall primary school at lighting column CSF27."
"Craigend Park",17442491,"At 17."
"Craigend Park",17442597,"At lighting column CCW36."
"Craigend Park",17404323,"Outside house 5 at lighting column CCW16."
"Craigend Park",17404320,"At lighting column CCW33."
"Craigend Park",17404317,"At lighting column CCW28."
"Craigend Park",17404314,"At lighting column CCW22."
"Craigend Park",17404311,"At lighting column CCW04."
"Craighall Road",12808040,"at junction of Craighall Road and Stanely Road"
"Craighall Road",17404329,"At entrance to New Cut Rigg."
"Craighall Road",17404326,"On f/way between houses  25 and 27."
"Craighall Road",12808232,"At lighting column on centre splitter island at bottom of hill at junction with Starbank Rd."
"Craighill Gardens",17404332,"At Morningside Grove."
"Craighouse Avenue",11256768,"At far end of Avenue on footpath and in front of house 60."
"Craighouse Gardens",17404338,"At 50."
"Craighouse Gardens",11255514,"At 'give-way' sign at junction with Craighouse Rd."
"Craighouse Gardens",11255649,"Against wall at side of footpath between houses 23 & 25 (at bus stop)."
"Craighouse Gardens",17404335,"At gable end of house 72 at lighting column CTA18."
"Craighouse Road",12312838,"At lighting column in front of house 13."
"Craighouse Road",11057486,"At side of  2 Craighouse Avenue."
"Craigievar Square",17524670,"At side of No 40"
"Craigievar Wynd",13100481,"in front of no 1 Neidpath Court"
"Craigievar Wynd",17407151,"Opposite Toward Court."
"Craigievar Wynd",13100292,"At rear of 2 Rowallan Court."
"Craiglea Place",11224491,"At lighting column CTJ1."
"Craiglea Place",11224518,"At lighting column  CTJ04 on mono-block paving."
"Craigleith Crescent",12040882,"At lighting column on west side of junction with Queensferry Road."
"Craigleith Hill",17404344,"At lighting column at 39."
"Craigleith Hill",17404341,"At lighting column at 31."
"Craigleith Hill Avenue",9080028,"At lighting column near GPO pillar box at junction with Craigleith Hill Cres."
"Craigleith Hill Crescent",10925030,"At side of Scottish Power sub-station just down hill from house 4."
"Craigleith Hill Park",9079860,"At top at island."
"Craigleith Hill Park",9079821,"At lighting column CUA3."
"Craigleith Hill Park",9079995,"Opposite house 48, against wooden fence."
"Craigleith Hill Row",9767720,"At lighting column at side of house 39 Craigleith Hill Crescent."
"Craiglockhart Avenue",17404347,"At lighting column in front of house 2 at junction with Colinton Rd."
"Craiglockhart Avenue",11253555,"At lighting column on east side near junction with Slateford Rd."
"Craiglockhart Dell Road",17407398,"At Craiglockhart Avenue"
"Craiglockhart Dell Road",10969847,"At 42."
"Craiglockhart Dell Road",17404350,"IO metres from junction Craiglockhart Avenue."
"Craiglockhart Drive North",12046054,"At lighting column in front of house 5 at junction with Craiglockhart Loan."
"Craiglockhart Drive South",17407395,"At Craiglockhart Park."
"Craiglockhart Gardens",11117042,"Behind railings on road closure in front of 2 Craiglockhart Gdns and 33 Craiglockhart Rd Nth."
"Craiglockhart Loan",17404353,"At entrance at 56."
"Craiglockhart Park",17406900,"beside no 4"
"Craiglockhart Place",12045643,"At entrance of cul-de-sac near house 1."
"Craiglockhart Road",17404357,"Outside 88."
"Craiglockhart Road North",17404360,"At 'give-way' sign in front of shops at junction with Colinton Rd."
"Craiglockhart Terrace",17404366,"At lighting column CUX06A at sheltered housing."
"Craiglockhart Terrace",12085120,"On grass bank on opposite side of road to access road between houses 29 and 41."
"Craiglockhart View",11115392,"At lighting column between houses 9 and 12."
"Craigmillar Castle Road",17404369,"Outside 33."
"Craigmount Approach",17404372,"Near Drum Brae South."
"Craigmount Avenue North",12784745,"in front of no 98"
"Craigmount Avenue North",12831185,"Opposite house 127."
"Craigmount Avenue North",10879337,"On inside of fence at end of footpath to Maybury Drive opposite house 68."
"Craigmount Bank",12831293,"At lighting column in front of house 1."
"Craigmount Bank West",12831602,"At lighting column near house 1 at bend in cul-de-sac."
"Craigmount Brae",17407722,"At 95. (Formerly at 148. chgd 17/1/12)"
"Craigmount Brae",17407719,"At 144."
"Craigmount Brae",17407716,"At 119."
"Craigmount Brae",17404377,"facing no 1 by streetlight CVP04"
"Craigmount Brae",12832805,"At lighting column in front of house 63 in cul-de-sac."
"Craigmount Court",12830912,"Against wall opposite lighting column which is beside house 126."
"Craigmount Grove North",10879175,"Against metal fence around SSEB transformer at end of cul-de-sac near house 49."
"Craigmount Hill",12831947,"At lighting column at side of house  63 Craigmount Ave North."
"Craigmount Hill",12831665,"At lighting column at side of garage entrance to house 65 Craigmount Ave North."
"Craigmount View",10878602,"At Craigmount Avenue North"
"Craigour Avenue",17407271,"Junction of Craigour Avenue and Blackburh Crag, by 13 Craigour Ave"
"Craigour Avenue",17404380,"Between 29 and 31."
"Craigour Terrace",17442594,"At Craigour Drive at telecomms cabinet."
"Craigour Terrace",17404386,"At 29."
"Craigour Terrace",17404383,"At lighting column opposite number 36."
"Craigpark Avenue",10818650,"Outside 15, by lighting 67KF."
"Craigroyston Grove",17404389,"Opp No 35"
"Craigs Drive",13099419,"beside streetlight CWT0, near junction of Craigs Road and Craigs Drive"
"Craigs Drive",13099536,"At lighting column near entrance to houses  67 and 68 and opposite roundabout."
"Craigs Park",13099794,"in front of no 4"
"Craigs Park",13100070,"On footpath against brick wall at end of cul-de-sac beyond entrance to house 50."
"Craigs Road",12830654,"opposite no 68, by streetlight CWY29"
"Craigs Road",17404393,"At Turnhouse Road."
"Craigs Road",13094880,"At 'give way' sign at junction with Maybury Road."
"Craigs Road",12830330,"At lighting column between entrance and exit gates to Craigmount school car park."
"Cramond Avenue",17406923,"in front of no 8"
"Cramond Avenue",11246628,"Outside houses 6 to 8."
"Cramond Glebe Road",11246328,"Against stone wall at bottom of corner of road opposite cleaning howf."
"Cramond Green",11248437,"in front of no 12"
"Cramond Green",11248395,"On west footway at lighting column CXG2."
"Cramond Park",11247111,"in front of no 38"
"Cramond Road South",11071118,"Against stone wall in bus lay-by at end of footpath beside house 26."
"Cramond Terrace",11246835,"At 40, at Cramond Avenue."
"Cramond Vale",12116896,"At lighting column at junction at bottom of road on opposite side of road to houses 34 and 29."
"Cramond Vale",12116602,"At lighting column opposite house 2."
"Crewe Road North",17442397,"At lighting column CYF37, near 114 at new flatted development."
"Crewe Road North",94,"At lighting column 17."
"Crewe Road South",10988231,"To the left of bus stop (southbound) opposite Crewe Road entrance to Western General Hospital / SHSC."
Croft-An-Righ,12725476,"On footway at entrance to flats."
"Crosswood Avenue",11211248,"in front of no 2"
"Crosswood Crescent",11210873,"At house 16."
"Cumberland Street North West Lane",12885500,"behind no 68 Cumberland Street beside streetlight NGM06"
"Cumberland Street North West Lane",12885416,
"Cumlodden Avenue",17524651,"At junction with Ravelston Dykes"
"Curriehill Castle Drive",17407679,"At 17."
"Curriehill Castle Drive",13106301,"in front of no 27"
"Curriehill Castle Drive",17404400,"At lighting column 70KX."
"Curriehill Castle Drive",17406643,"At lighting column 81KX."
"Curriehill Castle Drive",13106745,"Outside house 171."
"Curriehill Castle Drive",17404397,"Outside house 117."
"Curriehill Castle Drive",13106703,"Against wooden fence at top of short cul-de-sac at 187, at lighting coumn 79KX."
"Curriehill Castle Drive",13106487,"Against wooden fence of Scottish Power sub-station at top of short cul-de-sac opposite house 137."
"Currievale Drive",17407401,"Outside garage near 102. By lighting  72LD."
"Currievale Drive",13102218,"in front of no 77"
"Currievale Drive",17404403,"At lighting column opposite house 24."
"Currievale Drive",13103115,"At lighting column at bottom of cul-de-sac between houses 164 and 166."
"Currievale Drive",13102458,"At lighting column 36LD opposite the end of Currievale Park between houses 190 & 192."
"Currievale Drive",13103172,"On footway at top end of cul-de-sac between houses 49 and 51."
"Currievale Drive",13103241,"On footway at top end of cul-de-sac between houses 21 and 23."
"Currievale Park",17519985,"At top of hill at lighting column o/s house No 64"
"Currievale Park",13102761,"At lighting column on corner in front of house 20."
"Currievale Park Grove",17404406,"Opposite 27."
"Currievale Park Grove",13102905,"Opposite 36."
"Cycle Track - Balerno To Slateford",12186064,"Near 10 West Mill Road (private access at junction with West Mill Bank)."
"Cycle Track - Wester Hailles",12258928,"facing Canal View Primary School"
"Daiches Brae",12456685,"At Brunstane Road South on north east footway."
"Dalhousie Terrace",17404409,"At 6."
"Dalkeith Road",17404415,"At Salisbury Road, at Chinese Restaurant."
"Dalkeith Road",17404412,"At Kilmaurs Terrace."
"Dalmahoy Crescent",9598609,"facing no 33"
"Dalmahoy Road",12722407,"about 250m south of Ratho on Dalmahoy Rd, 360m north of Ransfield Cottages"
"Dalmahoy Road Ratho",12722179,"At top of slope against stone wall fronting house number 7 at opposite end of road called Hillview Cottage."
"Dalmeny Street",17442624,"At St Andrew's Church."
"Dalry Place",17407775,"At Dalry Road."
"Dalry Place",17407772,"At end of street."
Damside,17406646,"At lighting column 2."
"Dania Court",17404420,"Between BT cabinet and lighting column DBB01."
"Dean Park Crescent",12295717,"At lighting column in front of house 3 at junction with Queensferry Rd."
"Dean Path",12406050,"in front of no 21 to 25"
"Dean Path",12405981,"near no 39, at entrance to Water of Leith walkway, beside streetlight DCk09"
"Dean Path",17404423,"At junction with Queensferry Rd against wall between small gate cemetry front entrance and corner pillar."
"Deanpark Avenue",10813415,"Outside 4, near junction Deanpark Grove."
"Deanpark Brae",10813295,"At junction with Main St at bottom of steps in front of the Trendsetter store - against stone wall."
"Deanpark Brae",17404426,"Against metal fence beside telephone junction box at end of path between houses 4 and 6."
"Deanpark Court",17404429,"Outside house 12 at lighting column 61KY."
"Deanpark Gardens",17442527,"At rear of 32 Marchbank Way."
"Deanpark Place",17404432,"Opposite 22."
"Dell Road",10973084,"At Colinton parish church, Spylaw Street."
"Dinmont Drive",17404441,"At Saddletree Loan."
"Dinmont Drive",17404438,"Opposite 83."
"Dinmont Drive",17404435,"At 138."
"Dolphin Avenue",12187714,"in front of no 32"
"Dolphin Gardens West",17558654,"Outside No 45, next to L/P 27XH"
"Douglas Gardens",11052293,"Opp hostel near Belford Road junction."
"Downie Grove",12039931,"Outside number 2."
"Downie Grove",12039880,"At end of wall from junction with St John's Road on west side of footway."
"Dreghorn Drive",17407181,"in front of no 18 by streetlight DER16"
"Dreghorn Drive",17404447,"At 26A."
"Dreghorn Loan",13216732,"At junction with Laverockdale Crescent."
"Dreghorn Park",11253132,"Outside house 27."
"Dreghorn Park",11253078,"Outside No. 14 at lighting column DEX08 (on island)."
"Dreghorn Park",11252949,"At lighting column near junction with Redford Road."
"Drum Avenue",12358073,"Outside 81."
"Drum Brae Crescent",8983746,"At top of footpath to Parkgrove Road at side of house 12."
"Drum Brae Drive",17407061,"in front of no 18, at junction of Drum Brae Drive and Clermiston View"
"Drum Brae Gardens",17524657,"Outside No 25"
"Drum Brae Grove",17404450,"Outside house 16."
"Drum Brae North",17407164,"in front of no 66, by junction of Drum Brae North and Craigmount North"
"Drum Brae North",8994891,"to left of 73"
"Drum Brae North",17404453,"At Barntongate Avenue."
"Drum Brae North",8994990,"At lighting column on west side of road just uphill from and opposite end of Drumbrae Terrace."
"Drum Brae Walk",17404459,"in front of no 25"
"Drum Brae Walk",17404456,"Outside 18."
"Drum Crescent",12371429,"Outside 10."
"Drum Street",12476561,"between no 1 Drum st and no 2 Ferniehill Road"
"Drum Street",17404465,"100 metres down from Royal Bank of Scotland."
"Drum Street",17404462,"Outside bingo hall."
"Drum Woods",17404468,"Off Ferniehill Drive"
"Drummond Street",12822434,"At top of steps to Infirmary Street at school."
"Drybrough Crescent",17442449,"Opposite 3."
"Drybrough Crescent",17407796,"At foot of hill."
"Dryden Gardens",13129838,"At lighting column DGD03."
"Drylaw Crescent",9704989,"in front of no 48"
"Drylaw Green",10848161,"Against wall near street name-plate on west side of junction with Telford Road."
"Duddingston Loan",17404474,"Opposite 3."
"Duddingston Mills",12383670,"in front of no 31"
"Duddingston Mills",12383781,"On footway at gable end of house 10."
"Duddingston Park",13308175,"at junction of Duddingston Park and Southfield Place, by streetlight DHH01"
"Duddingston Park South",17404484,"Behind 209."
"Duddingston Park South",17404481,"At 171."
"Duddingston Rise",17404487,"At side of house 75 Milton Road West."
"Duddingston Road",13149581,"Against railings of sub-station behind house 70 at entrance to school."
"Duff Street",17407404,"At 24."
"Dumbeg Park",17407410,"At 69."
"Dumbeg Park",17407407,"At 5."
"Dumbryden Drive",17404490,"At Wester Hailes police station."
"Dumbryden Gardens",17407769,"At 13."
"Dumbryden Gardens",17407413,"In parking area opposite 41."
"Dumbryden Gardens",17404493,"At 74."
"Dumbryden Grove",17407419,"At 4."
"Dumbryden Grove",17407416,"At 10."
"Dundas Home Farm",17407643,"At junction with B800"
"Dundas Street",13246366,"in front of no 39 to 43"
"Dundas Street",13246363,"in front of no 38 to 50"
"Dundas Street",13245877,"At 1, at Abercromby Place."
"Dundee Street",10947929,"At Coffin Lane, near entrance to West Approach Road."
"Dundee Street",10809305,"At Telfer subway, at corner from lighting column TAL27."
"Dundonald Street",17442545,"At 13."
"Dunlaw Wynd",17404497,"At re-cycle bins."
"Dunlaw Wynd",17404500,"At Lasswade Road."
"Dunvegan Court",13251322,"Beside lighting column in front of house 1."
"East Barnton Avenue",11068562,"On f/way at junction with Barnton Avenue."
"East Barnton Avenue",11068631,"On f/way outside entrance to Royal High school."
"East Barnton Avenue",11068433,"Near lighting EAE14 beyond house 37."
"East Barnton Avenue",11070617,"Against wall at side of police box at junction with Quality Street."
"East Barnton Gardens",11070359,"On f/way in corner at wooden fence, opposite house  7."
"East Caiystane Place",12052771,"At lighting column at side of 33 Caiystane Crescent."
"East Caiystane Road",11277189,"At lighting column at side of 15 Caiystane Crescent."
"East Comiston",11276070,"Outside house 1."
"East Comiston",17403684,"Outside house 2 at entrance to car parking area."
"East Craigs Rigg",17404512,"At 64."
"East Craigs Rigg",17404509,"Outside 86."
"East Craigs Rigg",17404506,"Opposite 28."
"East Craigs Rigg",17404503,"Outside house 76."
"East Craigs Wynd",17407154,"in front of no 1"
"East Farm of Gilmerton",12372095,"between no 26 and 27"
"East Farm of Gilmerton",12372152,"Near 11."
"East Farm of Gilmerton",12371963,"At lighting column EBR4."
"East Kilngate Place",17404524,"Outside house 64 at gable."
"East Kilngate Place",17404521,"At lighting column EFA06."
"East Kilngate Place",17404518,"At lighting column EFA01."
"East Kilngate Place",17404515,"At lighting column EFA03."
"East Kilngate Rigg",17407281,"to left of 48b East Kilngate Rigg"
"East Kilngate Rigg",17404530,"At lighting column EBF07."
"East Kilngate Rigg",17404533,"Outside house 44 at lighting column EFB11."
"East Kilngate Rigg",17404527,"In middle section of street, at lighting column EFB04."
"East Market Street",17407568,"At entrance to council headquarters, Waverley Court."
"East Newington Place",12087751,"in front of garage, facing no 1"
"East Parkside",11078633,"in front of no 19 to 34, opposite no 6"
"Easter Currie Court",17404539,"On grass verge opposite house 15."
"Easter Currie Crescent",8727640,"At Easter Currie Terrace"
"Easter Drylaw Bank",17442579,"At Easter Drylaw Avenue."
"Easter Haugh",12752473,"beside no 13"
"Easter Park Drive",17404545,"At Rose Court, at lighting column EBM08."
"Easter Steil",17406906,"opposite no 24, beside streetlight EGL08"
"Easter Steil",17404554,"At 30."
"Easter Steil",17404551,"At lighting column EGL20."
"Easter Warriston",17404557,"At lighting column EBP17."
"Easter Warriston",12842240,"At lighting column EBP26."
"Echline Avenue",13162097,"At lighting column opposite end of Echline Drive against wooden fence."
"Echline Drive",17404560,"At house 83, beside the wooden fencing."
"Echline Place",12389505,"At lighting column in front of house 16."
"Echline Place",17404563,"At side of house 60."
"Echline Place",12389337,"At house 21."
"Echline Terrace",17404566,"Outside house 14."
"Edinburgh Rd - Sth Q/ferry",9778364,"In recess in garden wall at foot of eastern path up to Stoneycroft Road (between billboards and rose bed)."
"Edinburgh Rd - Sth Q/ferry",9778310,"At lighting column with two road signs on it opposite Seal Craig Hotel at end of west f/way up to Stoneycroft Rd."
"Eildon Street",17404569,"At cycleway entrance."
"Eildon Terrace",13302742,"At 23."
"Ellen's Glen Loan",8972952,"by weir near junction with Ellen's Glen Road"
"Ellen's Glen Road",17404575,"At 6."
"Ellen's Glen Road",8973051,"Opposite Ellen's Glen Loan."
"Ellersly Road",17407725,"Opposite Western Corner."
"Ellersly Road",17404584,"Against wall at junction with Guardians Wood Road."
"Ellersly Road",17404581,"On f/way at entrance to United Distillers premises."
"Elliot Gardens",17407422,"At 8."
"Elliot Gardens",17404587,"At Colinton Road. (Large bin)."
"Elliot Gardens",10937441,"Against concrete wall opposite lighting column in front of house 14."
"Elliot Park",11258124,"at end of cul de sac, in front of no 18"
"Elliot Park",11257839,"At Craiglockhart Road."
"Elliot Place",17404590,"At lighting column in front of house No 1."
"Elliot Road",17404593,"At Elliot Park"
"Essex Park",13249777,"At lighting column in front of house 4."
"Essex Road",17406934,"in front of no 39"
"Essex Road",17406928,"in front of no 53"
"Ettrick Loan",17404596,"At lighting column 2."
"Ettrick Road",17404599,"At Polwarth Terrace."
"Ettrickdale Place",9019332,"At lighting column EFZ1 at house 1 (off Glenogle Rd)."
Fair-a-Far,11249262,"At lighting column FAA4."
Fair-a-Far,11249361,"At lighting column FAA6."
Fair-a-Far,11249025,"At lighting column at rear of car shelters around house 2."
Fairbrae,17404602,"At lighting column 3 (on PCC slab)."
"Fairmile Avenue",11276985,"At lighting column at side of house 33."
"Falkland Gardens",17404605,"Opposite house 7 at bottom of road."
"Farquhar Terrace",12384165,"in traffic island at junction of Farquhar Terrace and Stewart Terrace, facing A90"
"Farrer Terrace",17404608,"At lighting column FAR14."
Fauldburn,12841391,"in front of no 136"
Fauldburn,17404614,"At lighting column opposite 112."
Fauldburn,12841328,"At lighting FAS35."
Fauldburn,12841364,"At lighting column FAS30."
Fauldburn,17404611,"Near house 12 in shrub patch (3 wooden stobs removed) near parking area."
Fauldburn,12841148,"At lighting column FAS1."
Fauldburn,12841253,"Outside 92 at lighting column FAS21."
Fauldburn,12841226,"At lighting column in front of house 37."
"Featherhall Place",10885988,"Against wall at end of cul-de-sac beside entrance to Cleansing Depot opposite telephone exchange."
"Ferniehill Drive",17520102,"o/s No 12/1 within sheltered housing complex (access via f/path at side of No 14)"
"Ferniehill Drive",17404617,"Outside 76 Ferniehill Gardens."
"Ferniehill Road",17404620,"At Ferniehill Drive."
"Ferniehill Road",17404623,"At side of 141."
"Fernielaw Avenue",17407425,"At 43."
"Fernielaw Avenue",17404626,"At West Carnethy Avenue"
"Fernielaw Avenue",13217632,"At 1."
"Fernieside Crescent",17404632,"At 30 by lighting column FBT07."
"Fernieside Crescent",17404629,"At lighting column FBT22."
"Fernieside Drive",17404635,"At 24 (in cul-de-sac)."
"Fernieside Gardens",17404642,"Opposite 38 at catv box."
"Fernieside Gardens",17404639,"At lighting column FBV05."
"Fernieside Grove",17404645,"At Moredun Park Road."
"Fernieside Place",17442500,"At lighting column FBZ01."
"Fernieside Place",17442497,"At lighting column FBZ09."
"Ferry Gait Drive",17519988,"On south side of junction with Muirhouse Bank"
"Ferry Road",17404651,"At 205."
"Ferry Road",17404648,"Outside Movie Express, Drylaw shopping centre."
"Ferry Road Avenue",17404654,"Outside houses 37-39 at lighting column FCA16."
Ferryfield,17404669,"In Court 'B' outside 18."
Ferryfield,17404666,"Opposite house 47."
